Player,Team,DPI,Sensitivity,eDPI,Zoom Sensitivity,Hz,Windows Sensitivity,Resolution,Aspect Ratio,Scaling Mode,Refresh Rate,Brightness,Display Mode,Boost Player Contrast,Multisampling Anti-Aliasing Mode,Global Shadow Quality,Texture Filtering Mode,Style,Length,Thickness,Gap,Outline,Color,Dot,FOV,Offset X,Offset Y,Offset Z,Presetpos,Radar Centers The Player,Radar is Rotating,Radar Map Zoom,HUD Scale,HUD Color,Res_Width,Res_Height
ZywOo,Team Vitality,400.0,2.0,800.0,1.0,1000.0,6.0,1280x960,4:3,Stretched,360.0,93.0,Fullscreen,Enabled,4x MSAA,High,Anisotropic 4x,Classic Static,1.5,0.1,-2.6,No,Custom,No,68.0,2.5,0.0,-1.5,2.0,Yes,Yes,0.7,1.0,Team Color,1280.0,960.0
ropz,Team Vitality,400.0,1.77,708.0,1.0,2000.0,6.0,1920x1080,16:9,Native,600.0,93.0,Fullscreen,Enabled,2x MSAA,Low,Bilinear,Classic Static,2.0,0.5,-3.0,No,Green,No,68.0,2.5,0.0,-1.5,2.0,Yes,Yes,0.65,1.0,Team Color,1920.0,1080.0
flameZ,Team Vitality,400.0,3.0,1200.0,1.1,1000.0,6.0,1280x960,4:3,Stretched,360.0,119.0,Fullscreen,Enabled,4x MSAA,High,Bilinear,Legacy,1.5,0.5,-2.0,No,Cyan,Yes,68.0,2.5,0.0,-1.5,2.0,Yes,Yes,0.3,1.0,White,1280.0,960.0
apEX,Team Vitality,400.0,1.91,764.0,1.0,1000.0,6.0,1280x960,4:3,Stretched,360.0,93.0,Fullscreen,Enabled,4x MSAA,High,Anisotropic 2x,Classic Static,1.5,1.0,-3.0,No,Yellow,No,60.0,2.0,2.0,-2.0,1.0,Yes,Yes,0.7,0.95,Team Color,1280.0,960.0
mezii,Team Vitality,400.0,2.2,880.0,1.0,2000.0,6.0,1280x960,4:3,Stretched,360.0,93.0,Fullscreen,Enabled,4x MSAA,High,Anisotropic 4x,Classic Static,1.0,1.0,-4.0,No,Cyan,No,68.0,3.0,3.0,-3.0,0.0,Yes,Yes,0.35,0.85,Blue,1280.0,960.0
Jamppi,Team Vitality,800.0,0.42,336.0,1.0,1000.0,6.0,1920x1080,16:9,Stretched,360.0,80.0,Fullscreen,Enabled,,High,Bilinear,Classic Static,2.0,0.0,-4.0,No,White,No,68.0,2.5,0.0,-1.5,2.0,Yes,Yes,0.518386,0.5495,Team Color,1920.0,1080.0
donk,Team Spirit,800.0,1.25,1000.0,1.0,1000.0,4.0,1280x960,4:3,Stretched,600.0,93.0,Fullscreen,Enabled,8x MSAA,High,Bilinear,Classic Static,1.0,1.0,-4.0,No,Green,No,68.0,2.5,0.0,-1.5,1.0,Yes,Yes,0.7,1.0,Team Color,1280.0,960.0
sh1ro,Team Spirit,800.0,1.04,832.0,1.0,2000.0,6.0,1152x864,4:3,Black Bars,600.0,93.0,Fullscreen,Enabled,4x MSAA,High,Anisotropic 2x,Classic Static,1.0,0.0,-4.0,No,Custom,No,68.0,2.5,0.0,-1.5,2.0,Yes,Yes,0.4,1.0,White,1152.0,864.0
magixx,Team Spirit,400.0,1.5,600.0,1.0,2000.0,6.0,1280x960,4:3,Stretched,400.0,93.0,Fullscreen,Enabled,8x MSAA,Very High,Anisotropic 16x,Classic Static,1.0,1.0,-4.0,Yes,Cyan,No,68.0,2.5,0.0,-1.5,2.0,Yes,No,0.315,0.95,Pink,1280.0,960.0
zont1x,Team Spirit,1600.0,0.525,840.0,1.0,1000.0,6.0,1024x768,4:3,Stretched,600.0,113.0,Fullscreen,Enabled,8x MSAA,High,Bilinear,Classic Static,2.5,0.0,-2.5,No,Custom,No,68.0,2.5,2.0,-2.0,0.0,Yes,Yes,0.4,1.0,White,1024.0,768.0
chopper,Team Spirit,400.0,1.4,560.0,0.8,1000.0,6.0,1024x768,4:3,Black Bars,600.0,89.0,Fullscreen,Disabled,4x MSAA,High,Bilinear,Classic Static,2.0,1.0,-2.0,No,Cyan,No,68.0,2.3,2.0,-2.0,3.0,Yes,Yes,0.3,0.905,Bright White,1024.0,768.0
tN1R,Team Spirit,800.0,0.775,620.0,1.0,1000.0,6.0,1280x960,4:3,Stretched,360.0,93.0,Fullscreen,Enabled,4x MSAA,High,Anisotropic 4x,Classic Static,1.0,1.0,-4.0,No,Green,No,68.0,2.5,0.0,-1.5,1.0,Yes,Yes,0.4,1.0,Purple,1280.0,960.0
Jimpphat,MOUZ,400.0,1.5,600.0,1.0,1000.0,6.0,1280x960,4:3,Stretched,600.0,93.0,Fullscreen,Enabled,8x MSAA,High,Bilinear,Classic Static,1.0,1.0,-4.0,No,Custom,No,68.0,2.5,0.0,-1.5,2.0,Yes,Yes,0.7,1.0,Pink,1280.0,960.0
Spinx,MOUZ,900.0,1.1,990.0,1.0,1000.0,6.0,1280x960,4:3,Stretched,600.0,93.0,Fullscreen,Enabled,4x MSAA,Very High,Anisotropic 4x,Classic Static,1.4,0.6,-3.0,No,Custom,No,68.0,2.5,0.0,-1.5,2.0,Yes,Yes,0.7,1.0,Team Color,1280.0,960.0
Brollan,MOUZ,800.0,1.15,920.0,1.0,1000.0,6.0,1280x960,4:3,Stretched,600.0,93.0,Fullscreen,Enabled,4x MSAA,High,Bilinear,Classic Static,2.0,0.0,-3.0,Yes,Cyan,No,68.0,2.5,0.0,-1.5,2.0,Yes,Yes,0.4,1.0,Team Color,1280.0,960.0
xertioN,MOUZ,400.0,2.2,880.0,1.0,1000.0,6.0,1920x1080,16:9,Native,600.0,93.0,Fullscreen,Enabled,8x MSAA,High,Anisotropic 4x,Classic Static,2.0,0.0,-3.0,No,Green,No,68.0,2.5,0.0,-1.5,2.0,Yes,Yes,0.7,1.0,Team Color,1920.0,1080.0
torzsi,MOUZ,800.0,1.0,800.0,1.0,1000.0,6.0,1280x960,4:3,Stretched,600.0,93.0,Fullscreen,Enabled,4x MSAA,Medium,Trilinear,Classic Static,2.0,0.0,-3.0,No,Green,No,68.0,2.5,2.0,-2.0,1.0,Yes,Yes,0.63,1.0,Purple,1280.0,960.0
b1t,Natus Vincere,400.0,1.65,660.0,1.0,2000.0,6.0,1280x960,4:3,Stretched,360.0,93.0,Fullscreen,Enabled,8x MSAA,High,Bilinear,Classic Static,1.0,1.0,-4.0,No,Green,No,68.0,2.5,0.0,-1.5,1.0,Yes,Yes,0.25,1.0,Team Color,1280.0,960.0
w0nderful,Natus Vincere,400.0,2.0,800.0,1.0,1000.0,6.0,1280x960,4:3,Stretched,360.0,90.0,Fullscreen,Enabled,8x MSAA,High,Bilinear,Classic Static,1.0,1.0,-4.0,No,Cyan,No,68.0,2.5,0.0,-1.5,2.0,Yes,Yes,0.45,1.1,Yellow,1280.0,960.0
iM,Natus Vincere,800.0,1.2,960.0,0.98,2000.0,6.0,1280x960,4:3,Stretched,600.0,122.0,Fullscreen,Disabled,4x MSAA,Very High,Anisotropic 4x,Classic Static,2.0,0.0,-2.0,No,Cyan,No,60.0,0.0,0.0,-2.0,1.0,Yes,Yes,0.4,0.878,Team Color,1280.0,960.0
Aleksib,Natus Vincere,800.0,1.06,848.0,1.0,1000.0,6.0,1440x1080,4:3,Stretched,360.0,93.0,Fullscreen,Enabled,2x MSAA,High,Bilinear,Classic Static,1.0,1.0,-4.0,No,Green,No,68.0,2.5,0.0,-1.5,2.0,No,Yes,0.45,0.95,Team Color,1440.0,1080.0
ANGE1,Natus Vincere,800.0,0.5,400.0,1.0,1000.0,6.0,1920x1080,16:9,Black Bars,240.0,93.0,Fullscreen,Unknown,Unknown,Unknown,Unknown,Classic Static,2.0,0.0,-2.0,No,White,No,68.0,2.5,0.0,-1.5,2.0,Yes,Yes,0.25,0.95,Purple,1920.0,1080.0
makazze,Natus Vincere,800.0,1.28,1024.0,1.0,1000.0,6.0,1280x960,4:3,Stretched,540.0,93.0,Fullscreen,Disabled,4x MSAA,Low,Bilinear,Classic Static,1.1,0.8,-4.0,No,Yellow,No,68.0,2.5,0.0,-1.5,2.0,Yes,Yes,1.0,1.0,Team Color,1280.0,960.0
huNter,G2 Esports,800.0,1.25,1000.0,1.0,4000.0,6.0,1350x1080,5:4,Stretched,360.0,130.0,Fullscreen,Enabled,8x MSAA,Medium,Anisotropic 16x,Classic Static,1.0,1.5,-5.0,No,Cyan,No,68.0,2.5,0.0,-1.5,2.0,Yes,Yes,0.7,0.95,Green,1350.0,1080.0
Nertz,G2 Esports,800.0,1.25,1000.0,1.0,1000.0,6.0,1280x960,4:3,Stretched,360.0,92.0,Fullscreen,Enabled,8x MSAA,High,Anisotropic 16x,Classic Static,2.0,0.0,-3.0,No,Green,No,68.0,2.5,0.0,-1.5,2.0,Yes,Yes,0.9,0.95,Team Color,1280.0,960.0
SunPayus,G2 Esports,400.0,1.8,720.0,1.0,2000.0,6.0,1280x960,4:3,Black Bars,360.0,110.0,Fullscreen,Enabled,,Low,Bilinear,Classic Static,2.0,0.0,-3.0,No,Green,No,68.0,2.5,0.0,-1.5,2.0,Yes,Yes,0.4,0.85,Team Color,1280.0,960.0
HeavyGod,G2 Esports,400.0,3.1,1240.0,1.0,1000.0,6.0,1920x1080,16:9,Native,600.0,93.0,Fullscreen,Enabled,4x MSAA,High,Anisotropic 4x,Classic Static,1.0,1.0,-4.0,No,Green,No,68.0,2.5,0.0,-1.5,2.0,Yes,Yes,0.4,0.9,Blue,1920.0,1080.0
matys,G2 Esports,800.0,0.82,656.0,1.0,1000.0,6.0,1920x1080,16:9,Native,240.0,100.0,Fullscreen,Enabled,4x MSAA,High,Bilinear,Classic Static,3.8,0.5,2.0,Yes,Custom,No,68.0,2.5,0.0,-1.5,2.0,Unknown,Unknown,,,Unknown,1920.0,1080.0
Snax,GamerLegion,400.0,1.82,728.0,0.93,4000.0,6.0,1280x800,16:10,Stretched,600.0,83.0,Fullscreen,Enabled,4x MSAA,High,Bilinear,Classic Static,1.0,1.0,-4.0,No,Custom,No,68.0,2.5,0.0,-1.5,2.0,Yes,Yes,0.4,0.95,Yellow,1280.0,800.0
hypex,GamerLegion,800.0,1.0,800.0,1.0,1000.0,6.0,1280x960,4:3,Stretched,360.0,93.0,Fullscreen,Unknown,Unknown,Unknown,Unknown,Classic Static,1.0,1.0,-4.0,No,Custom,No,68.0,2.5,0.0,-1.5,2.0,Yes,Yes,0.3,1.0,Blue,1280.0,960.0
REZ,GamerLegion,800.0,0.95,760.0,0.8,2000.0,6.0,1280x960,4:3,Stretched,600.0,130.0,Fullscreen,Enabled,4x MSAA,High,Bilinear,Classic Static,2.0,1.0,-3.0,No,Green,No,68.0,2.5,0.0,-1.5,2.0,Yes,Yes,0.3,1.0,White,1280.0,960.0
Kursy,GamerLegion,400.0,2.0,800.0,1.1,1000.0,6.0,Unknown,Unknown,Unknown,240.0,,Unknown,Unknown,Unknown,Unknown,Unknown,Classic Static,2.0,0.5,-3.0,No,Green,No,68.0,2.5,0.0,-1.5,2.0,Yes,Yes,0.550538,0.850225,White,,
sl3nd,GamerLegion,800.0,0.9,720.0,1.0,1000.0,6.0,1280x1024,5:4,Stretched,240.0,130.0,Fullscreen,Enabled,8x MSAA,High,Anisotropic 8x,Classic Static,1.0,0.0,-2.5,No,Green,No,68.0,2.5,0.0,-2.0,0.0,Yes,Yes,0.7,0.85,Orange,1280.0,1024.0
Tauson,GamerLegion,800.0,0.875,700.0,1.0,4000.0,6.0,1024x768,4:3,Stretched,240.0,93.0,Fullscreen,Disabled,4x MSAA,High,Bilinear,Classic Static,1.0,0.0,-3.0,No,Green,No,68.0,2.5,2.0,-2.0,1.0,Yes,Yes,0.4,1.0,Team Color,1024.0,768.0
PR,GamerLegion,400.0,1.45,580.0,0.9,1000.0,6.0,1280x1024,5:4,Stretched,360.0,97.0,Fullscreen,Enabled,4x MSAA,Very High,Bilinear,Classic Static,1.0,1.0,-3.0,No,Custom,No,68.0,2.5,2.0,-2.0,1.0,Yes,Yes,0.35,0.7,Bright White,1280.0,1024.0
jL,Team Liquid,800.0,1.0,800.0,1.0,4000.0,6.0,1280x1024,5:4,Stretched,600.0,93.0,Fullscreen,Disabled,2x MSAA,High,Anisotropic 4x,Classic Static,1.1,0.0,-2.8,No,Custom,No,68.0,2.5,2.0,-1.5,1.0,Yes,Yes,0.4,1.0,Aqua,1280.0,1024.0
EliGE,Team Liquid,1600.0,0.74,1184.0,0.8,2000.0,6.0,1680x1050,16:10,Stretched,600.0,97.0,Fullscreen,Enabled,,High,Anisotropic 16x,Classic Static,0.0,0.0,-5.0,Yes,Cyan,Yes,68.0,1.0,2.0,-1.0,0.0,Yes,Yes,0.7,1.0,Light Blue,1680.0,1050.0
siuhy,Team Liquid,400.0,1.7,680.0,1.0,4000.0,6.0,1920x1080,16:9,Native,360.0,126.0,Fullscreen,Enabled,CMAA2,High,Bilinear,Classic Static,2.0,1.0,-2.2,No,Cyan,No,68.0,2.5,0.0,-1.5,2.0,Yes,Yes,0.45,0.833,Yellow,1920.0,1080.0
NAF,Team Liquid,800.0,0.8,640.0,0.8,4000.0,6.0,1280x960,4:3,Stretched,360.0,80.0,Fullscreen,Enabled,4x MSAA,Medium,Anisotropic 4x,Classic Static,2.0,0.5,-3.0,No,Custom,No,68.0,2.5,0.0,-1.5,2.0,Yes,Yes,0.25,0.95,Team Color,1280.0,960.0
ultimate,Team Liquid,800.0,0.95,760.0,1.0,4000.0,6.0,1280x960,4:3,Stretched,240.0,97.0,Fullscreen,Enabled,4x MSAA,High,Bilinear,Classic Static,1.5,0.0,-3.0,No,Green,No,68.0,2.5,0.0,-1.5,2.0,No,Yes,0.55,0.9,Orange,1280.0,960.0
ShahZaM,Team Liquid,800.0,0.265,212.0,1.0,1000.0,6.0,1920x1080,16:9,Unknown,600.0,,Fullscreen,Unknown,Unknown,Unknown,Unknown,Classic Static,2.0,0.5,-2.0,No,Green,No,60.0,1.0,1.0,-1.5,1.0,Yes,Yes,0.4,0.85,Bright White,1920.0,1080.0
malbsMd,Team Liquid,400.0,2.0,800.0,1.0,4000.0,6.0,1280x960,4:3,Stretched,600.0,93.0,Fullscreen,Enabled,,Very High,Bilinear,Classic Static,1.0,0.0,-2.0,Yes,Green,No,68.0,2.5,0.0,-1.5,3.0,Yes,Yes,0.4,0.85,Blue,1280.0,960.0
Twistzz,FaZe Clan,400.0,2.3,920.0,1.1,4000.0,6.0,1280x960,4:3,Stretched,240.0,92.0,Fullscreen,Enabled,4x MSAA,Low,Anisotropic 16x,Classic Static,1.0,1.0,-8.0,No,Custom,No,68.0,2.5,0.0,-1.5,2.0,Yes,Yes,0.4,0.9,Pink,1280.0,960.0
Frozen,FaZe Clan,400.0,2.0,800.0,0.8,4000.0,6.0,1280x960,4:3,Stretched,360.0,112.0,Fullscreen,Enabled,4x MSAA,High,Anisotropic 4x,Classic Static,1.0,1.0,-4.0,No,Custom,No,68.0,2.5,0.0,-1.5,2.0,Yes,Yes,0.4,0.95,Team Color,1280.0,960.0
broky,FaZe Clan,400.0,2.57,1028.0,1.0,8000.0,6.0,1280x960,4:3,Stretched,360.0,93.0,Fullscreen,Enabled,4x MSAA,High,Anisotropic 4x,Classic Static,3.0,1.0,-3.0,No,Yellow,No,68.0,2.5,0.0,-1.5,2.0,No,Yes,0.4,0.95,Bright White,1280.0,960.0
karrigan,FaZe Clan,800.0,0.9,720.0,1.0,1000.0,4.0,1280x960,4:3,Stretched,360.0,93.0,Fullscreen,Enabled,8x MSAA,High,Anisotropic 8x,Classic Static,1.0,1.0,-4.0,No,Green,No,68.0,2.5,0.0,-1.5,2.0,Yes,Yes,0.4,0.95,Team Color,1280.0,960.0
olofmeister,FaZe Clan,800.0,1.25,1000.0,1.2,2000.0,6.0,1440x1080,4:3,Stretched,240.0,110.0,Fullscreen,Enabled,,Medium,Trilinear,Classic Static,0.5,0.1,-0.8,Yes,Custom,No,68.0,2.0,2.0,-2.0,0.0,Yes,Yes,0.35,0.85,Team Color,1440.0,1080.0
jcobbb,FaZe Clan,800.0,1.11,888.0,1.0,1000.0,6.0,1280x960,4:3,Stretched,540.0,93.0,Fullscreen,Disabled,2x MSAA,Low,Bilinear,Classic Static,1.0,1.0,-4.0,No,Cyan,No,68.0,2.5,0.0,-1.5,2.0,Yes,Yes,0.7,0.95,Purple,1280.0,960.0
nilo,HEROIC,800.0,0.9,720.0,1.0,1000.0,6.0,1280x960,4:3,Stretched,240.0,93.0,Fullscreen,Unknown,Unknown,Unknown,Unknown,Classic Static,1.0,1.0,-4.0,No,Custom,No,68.0,2.5,-1.0,-1.5,1.0,No,No,0.41,0.85,Team Color,1280.0,960.0
xfl0ud,HEROIC,800.0,1.23,984.0,1.0,1000.0,6.0,1280x960,4:3,Stretched,400.0,130.0,Fullscreen,Enabled,,Low,Bilinear,Classic Static,1.5,0.0,-3.0,No,Green,No,60.0,-0.3,1.0,-1.0,1.0,Unknown,Unknown,,,Unknown,1280.0,960.0
Chr1zN,HEROIC,1600.0,0.41,656.0,1.1,1000.0,6.0,1920x1080,16:9,Native,360.0,100.0,Fullscreen,Enabled,8x MSAA,High,Trilinear,Classic Static,2.0,1.0,-3.0,No,Green,No,68.0,2.5,0.0,-1.5,2.0,Yes,Yes,0.7,0.85,Bright White,1920.0,1080.0
susp,HEROIC,800.0,0.7,560.0,1.0,1000.0,6.0,1280x960,4:3,Stretched,400.0,93.0,Fullscreen,Unknown,Unknown,Unknown,Unknown,Classic Static,1.6,0.0,-3.0,No,Cyan,No,68.0,2.5,0.0,-1.5,2.0,Yes,Yes,0.41,0.85,Team Color,1280.0,960.0
yxngstxr,HEROIC,800.0,1.02,816.0,1.04,8000.0,6.0,1280x960,4:3,Stretched,360.0,97.0,Fullscreen,Disabled,8x MSAA,Medium,Bilinear,Classic Static,1.0,1.0,-4.0,No,Custom,No,68.0,2.5,2.0,-1.5,1.0,No,Yes,0.3,1.0,Team Color,1280.0,960.0
alkarenn,HEROIC,600.0,1.2,720.0,1.0,1000.0,6.0,1280x1024,5:4,Stretched,600.0,93.0,Fullscreen,Enabled,4x MSAA,High,Anisotropic 4x,Classic Static,1.3,0.2,-1.6,No,Custom,No,65.0,2.5,-0.5,-1.5,2.0,Unknown,Unknown,,,Unknown,1280.0,1024.0
Perfecto,Virtus.pro,800.0,1.2,960.0,1.0,1000.0,6.0,1280x960,4:3,Stretched,540.0,95.0,Fullscreen,Enabled,8x MSAA,High,Bilinear,Classic Static,2.0,0.0,-3.0,No,Green,No,68.0,2.5,0.0,-1.5,2.0,Yes,Yes,0.596649,0.902726,White,1280.0,960.0
fame,Virtus.pro,800.0,1.25,1000.0,1.0,2000.0,6.0,1280x960,4:3,Stretched,240.0,90.0,Fullscreen,Disabled,8x MSAA,Very High,Bilinear,Classic Static,2.0,0.0,-3.0,No,Green,No,68.0,2.5,0.0,-1.5,2.0,No,Yes,0.35,0.95,Orange,1280.0,960.0
b1st,Virtus.pro,800.0,1.5,1200.0,1.0,1000.0,6.0,1280x960,4:3,Stretched,240.0,93.0,Fullscreen,Unknown,Unknown,Unknown,Unknown,Classic Static,0.8,1.0,-3.6,No,Custom,No,68.0,2.5,0.0,-1.5,3.0,Yes,Yes,0.25,0.95,Team Color,1280.0,960.0
mir,Virtus.pro,400.0,1.9,760.0,0.8,1000.0,6.0,1024x768,4:3,Stretched,240.0,93.0,Fullscreen,Enabled,,Low,Bilinear,Classic Static,1.0,1.0,-4.0,No,Cyan,No,68.0,2.5,0.0,-1.5,2.0,Yes,Yes,0.4,0.95,Bright White,1024.0,768.0
tO0RO,Virtus.pro,500.0,2.3,1150.0,1.0,1000.0,6.0,1280x960,4:3,Stretched,,93.0,Fullscreen,Unknown,Unknown,Unknown,Unknown,Classic Static,1.0,1.0,-4.0,No,Green,No,68.0,2.5,0.0,-1.5,2.0,Unknown,Unknown,,,Unknown,1280.0,960.0
FL1T,Virtus.pro,800.0,0.95,760.0,1.0,8000.0,6.0,1280x960,4:3,Stretched,240.0,93.0,Fullscreen,Enabled,4x MSAA,High,Bilinear,Classic Static,1.0,1.0,-4.0,No,Custom,No,68.0,2.5,0.0,-1.5,2.0,Yes,Yes,0.505,0.85,White,1280.0,960.0
HooXi,Astralis,800.0,0.9,720.0,1.0,2000.0,6.0,1280x768,16:10,Stretched,360.0,99.0,Fullscreen,Enabled,4x MSAA,Unknown,Bilinear,Classic Static,1.5,0.0,-3.0,No,Green,No,68.0,2.5,2.0,-2.0,4.0,No,Yes,0.35,0.89946,Yellow,1280.0,768.0
jabbi,Astralis,800.0,0.9,720.0,1.0,1000.0,6.0,1280x960,4:3,Stretched,400.0,93.0,Fullscreen,Enabled,8x MSAA,High,Anisotropic 2x,Classic Static,1.1,0.9,-3.9,No,Custom,No,68.0,2.5,0.0,-1.5,2.0,Yes,Yes,0.498025,0.85,Bright White,1280.0,960.0
Staehr,Astralis,800.0,1.0,800.0,1.0,1000.0,6.0,1280x960,4:3,Stretched,400.0,93.0,Fullscreen Windowed,Enabled,4x MSAA,High,Bilinear,Classic Static,1.1,0.9,-3.9,No,Custom,No,68.0,2.5,0.0,-1.5,2.0,Yes,Yes,0.45,0.9,Light Blue,1280.0,960.0
phzy,Astralis,800.0,1.25,1000.0,0.8189330270989552,1000.0,6.0,1280x960,4:3,Stretched,400.0,130.0,Fullscreen,Enabled,8x MSAA,High,Trilinear,Classic Static,1.0,0.0,-4.0,No,Green,No,68.0,2.5,2.0,-2.0,4.0,Yes,Yes,0.7,0.95,Green,1280.0,960.0
ryu,Astralis,400.0,2.0,800.0,1.0,2000.0,6.0,1280x960,4:3,Stretched,240.0,93.0,Fullscreen,Unknown,Unknown,Unknown,Unknown,Classic Static,2.0,0.0,-3.0,No,Green,No,68.0,2.5,0.0,-1.5,2.0,Unknown,Unknown,,,Unknown,1280.0,960.0
FalleN,FURIA,400.0,1.8,720.0,1.0,1000.0,6.0,1280x960,4:3,Stretched,240.0,93.0,Fullscreen Windowed,Enabled,CMAA2,High,Trilinear,Classic Static,2.0,1.0,-6.0,Yes,Yellow,No,60.0,1.0,1.0,-1.0,1.0,Yes,Yes,0.35,1.0,Team Color,1280.0,960.0
YEKINDAR,FURIA,800.0,1.2,960.0,1.0,1000.0,6.0,1920x1080,16:9,Native,360.0,73.0,Fullscreen,Disabled,8x MSAA,High,Anisotropic 4x,Classic Static,2.0,0.5,-3.0,No,Green,No,65.0,-0.5,1.0,-2.0,0.0,Yes,Yes,0.4,0.849527,Purple,1920.0,1080.0
kscerato,FURIA,800.0,1.45,1160.0,1.0,4000.0,5.0,1280x960,4:3,Stretched,240.0,97.0,Fullscreen,Disabled,8x MSAA,High,Trilinear,Classic Static,1.0,1.0,-4.0,No,Green,No,68.0,2.5,0.0,-1.5,2.0,Yes,Yes,0.6025,0.95,Team Color,1280.0,960.0
yuurih,FURIA,800.0,1.25,1000.0,1.0,1000.0,6.0,1280x960,4:3,Stretched,360.0,93.0,Fullscreen,Enabled,4x MSAA,High,Anisotropic 4x,Classic Static,3.0,1.0,-3.0,No,Cyan,No,68.0,2.5,0.0,-1.5,1.0,Yes,Yes,0.4,0.85,Blue,1280.0,960.0
molodoy,FURIA,400.0,2.1,840.0,1.0,1000.0,6.0,1280x960,4:3,Stretched,600.0,92.0,Fullscreen,Enabled,4x MSAA,High,Anisotropic 2x,Classic Static,0.0,1.3,-3.0,No,Cyan,Yes,68.0,2.5,0.0,-1.5,1.0,Yes,Yes,0.7,1.0,Team Color,1280.0,960.0
misutaaa,3DMAX,400.0,1.42,568.0,1.0,4000.0,6.0,1280x960,4:3,Stretched,240.0,130.0,Fullscreen,Enabled,4x MSAA,Very High,Anisotropic 2x,Classic Static,1.0,0.0,-1.0,No,Green,No,68.0,2.5,1.0,-1.5,0.0,Yes,Yes,0.4,0.95,Purple,1280.0,960.0
bodyy,3DMAX,400.0,2.7,1080.0,0.88,2000.0,6.0,1280x1024,5:4,Stretched,240.0,90.0,Fullscreen,Enabled,4x MSAA,High,Anisotropic 4x,Classic Static,2.5,1.0,-3.0,No,Green,No,60.0,1.0,1.0,-1.0,1.0,Yes,Yes,0.7,0.85,Team Color,1280.0,1024.0
Maka,3DMAX,800.0,1.323,1058.4,1.0,8000.0,6.0,1280x960,4:3,Stretched,360.0,80.0,Fullscreen,Enabled,4x MSAA,High,Anisotropic 16x,Classic Static,2.0,0.06,-3.0,No,Green,No,68.0,2.5,0.0,-1.5,2.0,Yes,Yes,0.4,0.95,Green,1280.0,960.0
Ex3rcice,3DMAX,400.0,2.0,800.0,1.0,2000.0,6.0,1280x960,4:3,Stretched,240.0,100.0,Fullscreen,Enabled,4x MSAA,High,Trilinear,Classic Static,2.0,0.0,-3.0,No,Green,No,68.0,2.0,2.0,-2.0,0.0,Yes,Yes,0.33,0.93,Blue,1280.0,960.0
Graviti,3DMAX,800.0,1.36,1088.0,0.82,1000.0,6.0,1280x960,4:3,Stretched,240.0,95.0,Fullscreen,Disabled,4x MSAA,High,Anisotropic 4x,Classic Static,2.0,0.5,-3.0,No,Custom,No,68.0,2.5,0.0,-1.5,2.0,Yes,Yes,0.4,1.0,Team Color,1280.0,960.0
kl1m,MIBR,400.0,3.09,1236.0,1.0,4000.0,6.0,1280x960,4:3,Stretched,240.0,93.0,Fullscreen,Disabled,8x MSAA,High,Bilinear,Classic Static,1.0,1.0,-4.0,No,Custom,No,68.0,2.5,0.0,-1.5,2.0,Yes,Yes,0.42,0.8,Light Blue,1280.0,960.0
brnz4n,MIBR,400.0,1.69,676.0,1.0,2000.0,6.0,1280x960,4:3,Stretched,360.0,130.0,Fullscreen,Enabled,4x MSAA,High,Bilinear,Classic Static,1.5,1.0,-3.0,No,Yellow,No,68.0,2.5,0.0,-1.5,2.0,Yes,Yes,0.548077,0.95,Blue,1280.0,960.0
LNZ,MIBR,400.0,1.79,716.0,1.0,1000.0,6.0,1024x768,4:3,Stretched,240.0,93.0,Fullscreen,Enabled,8x MSAA,High,Bilinear,Classic Static,1.0,0.0,-3.0,No,Custom,Yes,68.0,2.5,0.0,-1.5,2.0,No,Yes,0.41,0.95,Bright White,1024.0,768.0
saffee,MIBR,800.0,1.0,800.0,1.0,4000.0,6.0,1280x960,4:3,Stretched,240.0,110.0,Fullscreen,Enabled,8x MSAA,High,Bilinear,Classic Static,2.0,0.0,-3.0,No,Green,No,68.0,2.5,0.0,-1.5,2.0,Yes,Yes,0.4,0.95,White,1280.0,960.0
insani,MIBR,800.0,1.1,880.0,1.0,4000.0,6.0,1280x1024,5:4,Stretched,360.0,93.0,Fullscreen,Enabled,8x MSAA,Very High,Bilinear,Classic Static,1.0,0.0,-4.0,No,Green,No,68.0,2.5,2.0,-2.0,0.0,Yes,Yes,0.4,1.0,Team Color,1280.0,1024.0
venomzera,MIBR,800.0,1.2,960.0,1.2,1000.0,6.0,1280x1024,5:4,Stretched,360.0,93.0,Fullscreen,Unknown,Unknown,Unknown,Unknown,Classic Static,1.0,1.0,-4.0,No,Cyan,No,68.0,2.0,2.0,-2.0,0.0,Yes,Yes,0.7,0.85,Team Color,1280.0,1024.0
sjuush,Ninjas in Pyjamas,800.0,1.11,888.0,1.0,1000.0,6.0,1440x1080,4:3,Stretched,360.0,130.0,Fullscreen,Enabled,,Low,Bilinear,Classic Static,2.5,1.0,-3.0,No,Cyan,No,68.0,2.5,0.0,-1.5,2.0,Unknown,Unknown,,,Unknown,1440.0,1080.0
Snappi,Ninjas in Pyjamas,800.0,1.0,800.0,1.0,4000.0,6.0,1280x960,4:3,Stretched,360.0,93.0,Fullscreen,Enabled,8x MSAA,Low,Bilinear,Classic Static,1.0,0.0,-2.0,No,Green,No,68.0,2.5,0.0,-1.5,2.0,Yes,Yes,0.4,0.95,Team Color,1280.0,960.0
r1nkle,Ninjas in Pyjamas,400.0,2.77,1108.0,0.999,1000.0,6.0,1280x960,4:3,Stretched,360.0,93.0,Fullscreen,Disabled,8x MSAA,High,Anisotropic 4x,Classic Static,1.0,0.1,-4.5,No,Custom,No,68.0,2.5,0.0,-1.5,2.0,Yes,Yes,0.45,0.949692,White,1280.0,960.0
ewjerkz,Ninjas in Pyjamas,400.0,1.65,660.0,1.0,1000.0,6.0,1280x960,4:3,Stretched,240.0,130.0,Fullscreen,Enabled,4x MSAA,Unknown,Anisotropic 4x,Classic Static,1.5,0.0,-3.0,No,Green,No,60.0,1.0,1.0,-1.0,1.0,Yes,Yes,0.4,0.95,Team Color,1280.0,960.0
xKacpersky,Ninjas in Pyjamas,400.0,1.83,732.0,1.0,1000.0,6.0,1920x1080,16:9,Native,600.0,93.0,Fullscreen,Disabled,4x MSAA,High,Bilinear,Classic Static,1.0,1.0,-3.9,No,Green,No,68.0,1.0,1.0,-1.0,1.0,Yes,Yes,0.4,1.0,Pink,1920.0,1080.0
cairne,Ninjas in Pyjamas,400.0,1.65,660.0,1.0,1000.0,6.0,1280x960,4:3,Stretched,600.0,93.0,Fullscreen,Unknown,Unknown,Unknown,Unknown,Classic Static,2.0,0.0,-3.0,No,Yellow,No,68.0,2.5,0.0,-1.5,2.0,Yes,Yes,0.4,1.0,Team Color,1280.0,960.0
lux,Legacy,400.0,1.92,768.0,1.03,4000.0,6.0,1280x960,4:3,Stretched,360.0,85.0,Fullscreen,Disabled,4x MSAA,Low,Trilinear,Classic Static,2.0,1.0,-3.0,No,Green,No,68.0,1.0,-1.0,-1.0,3.0,Unknown,Unknown,0.42,1.0,Unknown,1280.0,960.0
latto,Legacy,400.0,2.0,800.0,1.0,2000.0,6.0,1280x960,4:3,Stretched,600.0,95.0,Fullscreen,Enabled,2x MSAA,High,Bilinear,Classic Static,1.0,1.0,-4.0,No,Cyan,No,68.0,2.5,0.0,-1.5,2.0,Yes,No,0.8,0.833,Blue,1280.0,960.0
dumau,Legacy,800.0,1.0,800.0,1.0,1000.0,6.0,1280x960,4:3,Stretched,600.0,93.0,Fullscreen,Enabled,4x MSAA,High,Trilinear,Classic Static,1.0,0.0,-3.0,No,Green,No,68.0,2.5,0.0,-1.5,2.0,Yes,Yes,0.25,0.95,Bright White,1280.0,960.0
arT,Legacy,800.0,1.45,1160.0,1.2,4000.0,6.0,1280x960,4:3,Stretched,600.0,110.0,Fullscreen,Enabled,4x MSAA,High,Anisotropic 16x,Classic Static,2.0,0.0,-3.0,No,Green,No,68.0,2.5,0.0,-1.5,2.0,Yes,Yes,0.4,0.95,Team Color,1280.0,960.0
n1ssim,Legacy,400.0,1.77,708.0,1.0,4000.0,6.0,1920x1080,16:9,Native,360.0,80.0,Fullscreen,Unknown,Unknown,Unknown,Unknown,Unknown,2.0,0.5,-3.0,Unknown,Unknown,Unknown,68.0,2.5,0.0,-1.5,2.0,Unknown,Unknown,,,Unknown,1920.0,1080.0
saadzin,Legacy,1600.0,0.9,1440.0,1.0,1000.0,6.0,1280x1024,5:4,Stretched,600.0,93.0,Fullscreen,Enabled,,Very High,Bilinear,Classic Static,1.0,0.0,-3.0,No,Cyan,Yes,68.0,2.5,2.0,-2.0,0.0,Unknown,Unknown,,,Unknown,1280.0,1024.0
biguzera,paiN Gaming,400.0,1.75,700.0,1.0,1000.0,6.0,1280x960,4:3,Stretched,600.0,130.0,Fullscreen,Enabled,,Low,Bilinear,Classic Static,1.5,0.0,-3.0,No,Green,No,60.0,-1.5,1.0,-1.0,1.0,Unknown,Unknown,,,Unknown,1280.0,960.0
nqz,paiN Gaming,800.0,1.2,960.0,1.0,2000.0,6.0,1024x768,4:3,Stretched,360.0,80.0,Fullscreen,Enabled,2x MSAA,Medium,Trilinear,Classic Static,1.0,0.0,-4.0,No,Custom,No,68.0,2.5,0.0,-1.5,2.0,No,Yes,0.4,0.72577,Yellow,1024.0,768.0
dav1deuS,paiN Gaming,400.0,3.06,1224.0,1.0,1000.0,6.0,1280x960,4:3,Stretched,240.0,130.0,Fullscreen,Enabled,8x MSAA,Unknown,Anisotropic 4x,Classic Static,2.5,1.0,-2.5,No,Custom,No,60.0,1.0,1.0,-1.0,1.0,Yes,Yes,0.7,0.85,Team Color,1280.0,960.0
vsm,paiN Gaming,800.0,1.2,960.0,1.0,1000.0,6.0,1280x960,4:3,Stretched,600.0,100.0,Fullscreen,Enabled,8x MSAA,High,Bilinear,Classic Static,1.0,0.0,-3.0,Yes,Green,Yes,68.0,1.0,2.0,-1.5,0.0,Yes,Yes,1.0,0.65,Team Color,1280.0,960.0
snow,paiN Gaming,800.0,0.8,640.0,1.0,1000.0,6.0,1280x960,4:3,Stretched,360.0,93.0,Fullscreen,Enabled,4x MSAA,High,Bilinear,Classic Static,2.0,1.0,-3.0,No,Cyan,No,68.0,2.5,0.0,-1.5,2.0,Yes,Yes,0.7,0.85,Team Color,1280.0,960.0
piriajr,paiN Gaming,800.0,2.0,1600.0,1.0,1000.0,6.0,1280x960,4:3,Stretched,360.0,93.0,Fullscreen,Unknown,Unknown,Unknown,Unknown,Classic Static,1.9,0.5,-2.4,No,Green,No,68.0,2.5,0.0,-1.5,2.0,Unknown,Unknown,,1.0,Team Color,1280.0,960.0
Starry,Lynn Vision,400.0,1.45,580.0,1.0,2000.0,6.0,1280x960,4:3,Stretched,400.0,90.0,Fullscreen,Enabled,8x MSAA,High,Trilinear,Classic Static,1.0,0.0,-4.0,No,Custom,No,68.0,2.5,0.0,-1.5,2.0,Yes,Yes,0.4,1.0,Pink,1280.0,960.0
z4kr,Lynn Vision,400.0,2.3,920.0,1.0,4000.0,6.0,1280x960,4:3,Stretched,400.0,93.0,Fullscreen,Enabled,8x MSAA,High,Bilinear,Classic Static,1.0,1.0,-4.0,No,Cyan,No,68.0,2.5,0.0,-1.5,3.0,Yes,Yes,0.4,0.95,Blue,1280.0,960.0
Westmelon,Lynn Vision,800.0,1.25,1000.0,0.8,1000.0,6.0,1280x960,4:3,Stretched,400.0,130.0,Fullscreen,Enabled,8x MSAA,Very High,Anisotropic 8x,Classic Static,1.5,0.0,-4.0,No,Green,No,68.0,2.5,0.0,-1.5,2.0,Unknown,Unknown,,,Unknown,1280.0,960.0
EmiliaQAQ,Lynn Vision,800.0,0.8,640.0,1.0,1000.0,6.0,1280x960,4:3,Stretched,400.0,93.0,Fullscreen,Unknown,Unknown,Unknown,Unknown,Classic Static,2.8,1.0,-2.0,No,Custom,No,68.0,2.5,0.0,-1.5,2.0,Yes,Yes,0.4,1.0,White,1280.0,960.0
C4LLM3SU3,Lynn Vision,800.0,0.8,640.0,1.0,1000.0,6.0,1280x1024,5:4,Stretched,400.0,114.0,Fullscreen,Enabled,8x MSAA,High,Bilinear,Classic Static,1.9,0.3,-2.5,No,Custom,No,65.0,2.5,1.5,-2.0,0.0,No,Yes,0.4,1.0,Green,1280.0,1024.0
JDC,BIG,800.0,1.25,1000.0,1.0,4000.0,6.0,1280x960,4:3,Stretched,360.0,93.0,Fullscreen,Enabled,8x MSAA,Low,Bilinear,Classic Static,1.0,1.0,-4.0,No,Custom,No,68.0,2.5,-1.5,-2.0,0.0,Yes,Yes,0.41,0.85,Light Blue,1280.0,960.0
Krimbo,BIG,400.0,2.1,840.0,1.0,1000.0,6.0,1280x960,4:3,Stretched,360.0,93.0,Fullscreen,Disabled,8x MSAA,High,Bilinear,Classic Static,1.0,1.0,-3.1,No,Custom,No,68.0,2.5,0.0,-1.5,2.0,No,Yes,0.35,0.8,Team Color,1280.0,960.0
blameF,BIG,400.0,1.6,640.0,1.0,1000.0,6.0,1280x960,4:3,Stretched,240.0,100.0,Fullscreen,Enabled,4x MSAA,High,Anisotropic 4x,Classic Static,0.8,1.0,-3.2,No,Custom,No,68.0,2.5,0.0,-1.5,2.0,Yes,Yes,0.3,0.95,Team Color,1280.0,960.0
tabseN,BIG,800.0,0.7,560.0,1.1,1000.0,6.0,1280x960,4:3,Black Bars,360.0,130.0,Fullscreen,Enabled,CMAA2,Very High,Anisotropic 16x,Classic Static,0.5,0.0,-1.0,Yes,Green,No,68.0,2.5,0.0,-1.5,2.0,Yes,Yes,0.35,0.95,Green,1280.0,960.0
faveN,BIG,400.0,2.1,840.0,1.0,1000.0,7.0,1280x960,4:3,Stretched,360.0,130.0,Fullscreen,Unknown,Unknown,Unknown,Unknown,Classic Static,1.0,1.0,-4.0,No,Green,No,68.0,2.5,0.0,-1.5,2.0,No,Yes,0.35,0.95,White,1280.0,960.0
prosus,BIG,400.0,2.15,860.0,1.0,1000.0,6.0,1280x960,4:3,Stretched,360.0,93.0,Fullscreen,Enabled,4x MSAA,High,Trilinear,Classic Static,3.0,0.0,-1.0,No,Green,No,64.5,2.5,-2.0,-2.0,2.0,No,Yes,0.3,0.85,White,1280.0,960.0
gr1ks,BIG,1000.0,0.8,800.0,0.9,8000.0,6.0,1280x960,4:3,Stretched,400.0,90.0,Fullscreen,Enabled,8x MSAA,High,Bilinear,Classic Static,1.7,0.5,-2.4,No,Custom,No,68.0,2.5,0.0,-2.0,3.0,Yes,Yes,0.4,0.7,Blue,1280.0,960.0
jks,FlyQuest,400.0,1.85,740.0,1.0,4000.0,6.0,1920x1080,16:9,Native,600.0,100.0,Fullscreen,Disabled,4x MSAA,High,Anisotropic 4x,Classic Static,1.0,1.0,-4.0,No,Cyan,No,68.0,2.5,0.0,-1.5,2.0,Yes,Yes,0.35,0.95,Bright White,1920.0,1080.0
Vexite,FlyQuest,800.0,1.24,992.0,0.7,1000.0,7.0,1440x1080,4:3,Stretched,360.0,93.0,Fullscreen,Enabled,8x MSAA,High,Bilinear,Classic Static,2.0,1.0,-3.0,No,Green,No,60.0,1.5,2.0,-1.5,0.0,No,Yes,0.3,0.867467,White,1440.0,1080.0
regali,FlyQuest,400.0,3.09,1236.0,1.0,4000.0,6.0,1280x960,4:3,Stretched,360.0,119.0,Fullscreen,Disabled,8x MSAA,High,Trilinear,Classic Static,1.0,1.0,-4.0,No,Custom,No,68.0,2.5,0.0,-1.5,2.0,Yes,Yes,0.45,0.95,Pink,1280.0,960.0
INS,FlyQuest,800.0,1.2,960.0,1.0,1000.0,6.0,1024x768,4:3,Stretched,360.0,93.0,Fullscreen,Enabled,4x MSAA,High,Trilinear,Classic Static,2.0,0.0,-3.0,No,Green,No,68.0,2.5,0.0,-1.5,2.0,Yes,Yes,0.4,0.85,Bright White,1024.0,768.0
story,FlyQuest,400.0,2.75,1100.0,1.0,2000.0,6.0,1280x960,4:3,Stretched,240.0,110.0,Fullscreen,Enabled,4x MSAA,Medium,Bilinear,Classic Static,1.9,0.0,-2.183126,No,Green,No,68.0,2.5,0.0,-1.5,2.0,Yes,Yes,0.8,0.833,White,1280.0,960.0
nettik,FlyQuest,400.0,2.0,800.0,0.8,1000.0,6.0,1280x960,4:3,Stretched,600.0,93.0,Fullscreen,Enabled,8x MSAA,High,Trilinear,Classic Static,0.5,1.0,-3.0,No,Cyan,Yes,68.0,2.5,0.0,-1.5,2.0,Unknown,Unknown,,,Unknown,1280.0,960.0
Ax1Le,BetBoom Team,800.0,1.5,1200.0,1.0,1000.0,6.0,1280x960,4:3,Black Bars,360.0,100.0,Fullscreen,Enabled,4x MSAA,High,Anisotropic 16x,Classic Static,3.0,0.0,-3.0,No,Custom,No,68.0,2.3,2.0,-2.0,0.0,Yes,Yes,0.3025,0.86,Team Color,1280.0,960.0
Boombl4,BetBoom Team,400.0,1.45,580.0,1.0,1000.0,6.0,1280x960,4:3,Stretched,360.0,110.0,Fullscreen,Enabled,8x MSAA,Unknown,Bilinear,Classic Static,1.0,1.0,-3.0,No,Cyan,No,68.0,2.5,0.0,-1.5,1.0,Yes,Yes,0.25,0.95,Purple,1280.0,960.0
s1ren,BetBoom Team,800.0,1.1,880.0,1.0,2000.0,6.0,1024x768,4:3,Stretched,240.0,93.0,Fullscreen,Enabled,4x MSAA,Low,Anisotropic 4x,Classic Static,2.5,0.5,-1.0,No,Green,No,68.0,2.5,2.0,-2.5,0.0,Yes,Yes,0.445,0.910629,Light Blue,1024.0,768.0
Artfr0st,BetBoom Team,800.0,1.49,1192.0,1.0,2000.0,6.0,1280x960,4:3,Stretched,240.0,93.0,Fullscreen,Enabled,8x MSAA,High,Bilinear,Classic Static,2.0,1.0,-3.0,No,Yellow,No,68.0,2.5,0.0,-1.5,2.0,No,Yes,0.28,0.95,Yellow,1280.0,960.0
d1Ledez,BetBoom Team,400.0,1.7,680.0,1.0,1000.0,6.0,1280x960,4:3,Stretched,240.0,80.0,Fullscreen,Enabled,4x MSAA,High,Bilinear,Classic Static,1.0,0.9,-4.0,No,Green,No,68.0,2.5,0.0,-1.5,2.0,Unknown,Unknown,,,Unknown,1280.0,960.0
Magnojez,BetBoom Team,800.0,1.0,800.0,1.0,2000.0,6.0,1920x1080,16:9,Native,360.0,93.0,Fullscreen,Enabled,8x MSAA,High,Anisotropic 8x,Classic Static,2.0,0.0,-3.0,No,Yellow,No,68.0,2.0,2.0,-2.0,0.0,Unknown,Unknown,,1.0,White,1920.0,1080.0
Sonic,NRG,400.0,2.5,1000.0,1.0,1000.0,6.0,1280x960,4:3,Stretched,400.0,,Fullscreen,Unknown,Unknown,Unknown,Unknown,Classic Static,2.0,0.0,-1.0,No,Green,No,68.0,2.5,0.0,-1.5,2.0,Yes,Yes,0.5,0.95,Purple,1280.0,960.0
Jeorge,NRG,800.0,1.25,1000.0,1.0,1000.0,6.0,1920x1080,16:9,Native,240.0,130.0,Fullscreen,Unknown,Unknown,Unknown,Unknown,Classic Static,2.0,0.0,-3.0,No,Green,No,,,,,,Unknown,Unknown,,,Unknown,1920.0,1080.0
Grim,NRG,800.0,0.72,576.0,1.0,2000.0,6.0,1920x1080,16:9,Native,240.0,93.0,Fullscreen,Enabled,,Low,Bilinear,Classic Static,3.0,1.0,-3.0,No,Cyan,No,68.0,2.5,-2.0,-2.0,1.0,Yes,Yes,0.5,0.95,Yellow,1920.0,1080.0
oSee,NRG,1600.0,0.575,920.0,1.0,2000.0,6.0,1920x1080,16:9,Native,360.0,80.0,Fullscreen,Enabled,2x MSAA,Low,Bilinear,Classic Static,1.5,1.0,-3.0,No,Green,No,68.0,2.5,0.0,-1.5,2.0,Yes,Yes,0.4,0.85,White,1920.0,1080.0
autimatic,NRG,800.0,1.125,900.0,0.9,2000.0,6.0,1920x1080,16:9,Native,360.0,100.0,Fullscreen,Enabled,2x MSAA,Unknown,Bilinear,Classic Static,3.0,0.0,-1.0,No,Green,No,68.0,2.0,2.0,-2.0,2.0,Yes,Yes,0.45,0.85,Team Color,1920.0,1080.0
nitr0,NRG,800.0,1.05,840.0,1.04,500.0,6.0,1680x1050,16:10,Stretched,600.0,130.0,Fullscreen,Enabled,,High,Bilinear,Classic Static,1.0,1.0,-4.0,No,Green,No,60.0,1.0,1.0,-1.0,1.0,Yes,Yes,0.4,0.851,Team Color,1680.0,1050.0
Ethan,NRG,400.0,0.58,232.0,0.77,1000.0,6.0,1440x1080,4:3,Unknown,360.0,,Fullscreen,Unknown,Unknown,Unknown,Unknown,Classic Static,2.0,0.5,-1.0,No,White,No,68.0,2.5,0.0,-1.5,2.0,Yes,Yes,0.552653,0.95,Team Color,1440.0,1080.0
s0m,NRG,400.0,0.8,320.0,0.97,1000.0,6.0,1920x1080,16:9,Unknown,400.0,,Fullscreen,Unknown,Unknown,Unknown,Unknown,Classic Static,2.5,1.0,-2.0,No,White,No,68.0,2.5,2.0,-2.0,0.0,Yes,Yes,0.41,0.85,Light Blue,1920.0,1080.0
br0,NRG,800.0,1.3,1040.0,0.7,1000.0,6.0,1280x960,4:3,Stretched,400.0,100.0,Fullscreen,Enabled,4x MSAA,Very High,Bilinear,Classic Static,1.5,0.0,-3.0,No,Green,No,68.0,2.5,0.0,-1.5,2.0,Yes,Yes,0.7,0.85,Team Color,1280.0,960.0
nosraC,NRG,400.0,1.6,540.0,1.0,1000.0,6.0,1920x1080,16:9,Native,360.0,80.0,Fullscreen,Unknown,Unknown,Unknown,Unknown,Classic Static,3.0,0.5,-3.0,No,Green,No,68.0,2.5,0.0,-1.5,2.0,Unknown,Unknown,,,Unknown,1920.0,1080.0
F1KU,ENCE,400.0,1.7,680.0,1.0,1000.0,6.0,1280x960,4:3,Stretched,240.0,99.0,Fullscreen,Enabled,8x MSAA,High,Bilinear,Classic Static,1.5,1.0,-3.0,No,Green,No,68.0,2.5,0.0,-1.5,2.0,Yes,Yes,0.4,0.85,White,1280.0,960.0
kRaSnaL,ENCE,400.0,1.82,728.0,1.0,2000.0,6.0,1280x960,4:3,Stretched,240.0,110.0,Fullscreen,Unknown,Unknown,Unknown,Unknown,Classic Static,1.0,0.0,-3.0,No,Green,No,68.0,2.5,0.0,-1.5,2.0,Unknown,Unknown,,,Unknown,1280.0,960.0
sdy,ENCE,800.0,1.0,800.0,1.0,4000.0,6.0,1920x1080,16:9,Native,360.0,105.0,Fullscreen,Enabled,4x MSAA,High,Anisotropic 16x,Classic Static,0.9,0.5,-2.8,No,Custom,No,68.0,2.5,0.0,-1.5,2.0,Yes,Yes,0.4,0.85,Team Color,1920.0,1080.0
Neityu,ENCE,800.0,1.15,920.0,1.0,4000.0,6.0,1280x1024,5:4,Stretched,360.0,90.0,Fullscreen,Enabled,4x MSAA,High,Anisotropic 16x,Classic Static,1.0,0.5,-3.0,No,Green,No,68.0,2.5,2.0,-1.0,0.0,Yes,Yes,0.4,0.853901,Green,1280.0,1024.0
podi,ENCE,800.0,1.225,980.0,1.0,1000.0,6.0,1280x960,4:3,Stretched,240.0,93.0,Fullscreen,Unknown,Unknown,Unknown,Unknown,Legacy,1.0,0.0,-1.0,No,Cyan,Yes,68.0,2.5,0.0,-1.5,2.0,Yes,Yes,0.7,0.95,Aqua,1280.0,960.0
mizu,HOTU,400.0,2.0,800.0,1.1,1000.0,6.0,1280x960,4:3,Stretched,240.0,93.0,Fullscreen,Unknown,Unknown,Unknown,Unknown,Classic Static,3.0,0.1,-1.9,No,Custom,No,68.0,2.5,0.0,-1.5,2.0,Yes,Yes,0.4,1.0,Team Color,1280.0,960.0
n0rb3r7,HOTU,800.0,1.25,1000.0,1.1,2000.0,6.0,1280x800,16:10,Stretched,240.0,140.0,Fullscreen,Enabled,8x MSAA,High,Bilinear,Classic Static,2.0,0.0,-3.0,No,Green,No,68.0,2.5,2.0,-2.0,1.0,Yes,Yes,0.4,0.65,Light Blue,1280.0,800.0
noway,Imperial Esports,400.0,2.0,800.0,1.0,1000.0,6.0,1280x960,4:3,Stretched,360.0,85.0,Fullscreen,Enabled,4x MSAA,Low,Anisotropic 4x,Classic Static,1.5,0.1,-2.6,No,Custom,No,65.0,2.5,0.0,-1.0,0.0,Unknown,Unknown,,,Unknown,1280.0,960.0
chelo,Imperial Esports,400.0,4.0,1600.0,1.0,1000.0,6.0,1280x960,5:4,Black Bars,600.0,93.0,Fullscreen,Enabled,,Unknown,Bilinear,Classic Static,3.0,0.1,-3.0,No,Custom,No,60.0,2.5,0.0,1.5,0.0,No,Yes,0.4,0.85,Team Color,1280.0,960.0
skullz,Imperial Esports,400.0,2.0,800.0,1.0,4000.0,6.0,1440x1080,4:3,Stretched,600.0,93.0,Fullscreen,Enabled,4x MSAA,High,Anisotropic 4x,Classic Static,2.0,0.0,-3.0,No,Green,No,68.0,2.5,0.0,-1.5,2.0,No,Yes,0.7,0.95,White,1440.0,1080.0
VINI,Imperial Esports,800.0,0.955,764.0,1.2,1000.0,6.0,1920x1080,16:9,Native,600.0,130.0,Fullscreen,Enabled,4x MSAA,High,Bilinear,Classic Static,2.5,0.0,-3.0,Yes,Cyan,No,54.0,2.5,0.0,-1.5,4.0,Yes,Yes,0.7,0.85,Team Color,1920.0,1080.0
levi,Imperial Esports,400.0,1.4,560.0,1.0,1000.0,6.0,1280x960,4:3,Stretched,360.0,93.0,Fullscreen,Enabled,8x MSAA,High,Bilinear,Classic Static,0.9,1.0,-4.0,No,Cyan,No,68.0,2.5,0.0,-1.5,2.0,Yes,Yes,0.4,1.0,Team Color,1280.0,960.0
decenty,Imperial Esports,400.0,2.0,800.0,1.0,1000.0,6.0,1280x960,4:3,Black Bars,240.0,93.0,Fullscreen,Unknown,Unknown,Unknown,Unknown,Classic Static,1.0,1.0,-4.0,No,Green,No,68.0,1.5,0.0,-1.5,3.0,Yes,Yes,0.8,1.0,Team Color,1280.0,960.0
wastzera,Imperial Esports,800.0,1.1,880.0,1.0,1000.0,6.0,1280x960,5:3,Stretched,360.0,93.0,Fullscreen,Disabled,4x MSAA,Medium,Anisotropic 16x,Classic Static,1.5,1.0,-3.0,No,Yellow,No,68.0,2.5,0.0,-1.5,2.0,Yes,Yes,0.45,1.1,White,1280.0,960.0
Shr,Imperial Esports,400.0,2.0,800.0,1.0,4000.0,6.0,1280x960,4:3,Stretched,400.0,93.0,Fullscreen,Enabled,8x MSAA,High,Anisotropic 16x,Classic Static,1.0,1.0,-4.0,No,Cyan,No,68.0,2.5,0.0,-1.5,2.0,Unknown,Unknown,,,Unknown,1280.0,960.0
rmn,SAW,400.0,1.28,512.0,1.0,2000.0,6.0,1280x960,4:3,Black Bars,240.0,100.0,Fullscreen,Disabled,,Unknown,Bilinear,Classic Static,1.5,1.0,-3.0,No,Green,No,68.0,2.5,0.0,-1.5,2.0,Yes,Yes,0.7,0.85,White,1280.0,960.0
Senzu,Passion UA,400.0,3.0,1200.0,1.1,2000.0,6.0,1280x960,4:3,Stretched,360.0,93.0,Fullscreen,Enabled,8x MSAA,Very High,Anisotropic 8x,Classic Static,1.5,0.0,-3.0,No,Cyan,No,68.0,2.5,0.0,-1.5,2.0,Yes,Yes,0.3,1.0,Team Color,1280.0,960.0
Kvem,Passion UA,400.0,3.0,1200.0,1.0,1000.0,6.0,1280x960,4:3,Stretched,600.0,130.0,Fullscreen,Enabled,4x MSAA,High,Bilinear,Legacy,0.9,1.1,-2.0,No,Custom,Yes,68.0,2.5,0.0,-1.5,3.0,Yes,Yes,0.45,0.7,Green,1280.0,960.0
JT,Passion UA,400.0,2.8,1120.0,1.0,1000.0,6.0,1280x960,4:3,Stretched,360.0,130.0,Fullscreen,Unknown,Unknown,Unknown,Unknown,Classic Static,2.0,1.0,-3.0,No,Green,No,68.0,2.5,0.0,-1.5,2.0,Unknown,Unknown,,,Unknown,1280.0,960.0
try,Passion UA,400.0,2.909,1163.6,1.2,2000.0,6.0,1280x960,4:3,Stretched,600.0,126.0,Fullscreen,Disabled,8x MSAA,High,Bilinear,Classic Static,1.0,0.0,-2.0,No,Green,No,68.0,2.5,0.0,-1.5,2.0,Yes,Yes,0.3,0.95,White,1280.0,960.0
nicx,Passion UA,1000.0,1.4,1400.0,1.0,1000.0,6.0,1680x1050,16:10,Stretched,240.0,93.0,Fullscreen,Unknown,Unknown,Unknown,Unknown,Classic Static,1.0,1.0,-4.0,No,Green,No,68.0,2.5,2.0,-2.0,0.0,Yes,Yes,0.7,0.85,Team Color,1680.0,1050.0
Jame,PARIVISION,3200.0,0.3,960.0,0.92,2000.0,6.0,1280x960,4:3,Stretched,360.0,93.0,Fullscreen,Enabled,2x MSAA,High,Bilinear,Classic Static,0.0,0.0,-3.0,Yes,Custom,Yes,68.0,2.5,0.0,-1.5,2.0,Yes,Yes,1.0,0.95,Team Color,1280.0,960.0
BELCHONOKK,PARIVISION,800.0,1.15,920.0,1.0,1000.0,6.0,1280x960,4:3,Stretched,240.0,93.0,Fullscreen,Unknown,Unknown,Unknown,Unknown,Classic Static,1.5,1.0,-3.0,No,Cyan,No,68.0,2.5,0.0,-1.5,2.0,Unknown,Unknown,,,Unknown,1280.0,960.0
zweih,PARIVISION,800.0,1.28,1024.0,1.0,1000.0,6.0,1280x960,4:3,Stretched,600.0,93.0,Fullscreen,Enabled,4x MSAA,High,Trilinear,Classic Static,1.0,1.0,-5.0,No,Custom,No,68.0,2.5,0.0,-1.5,2.0,Yes,Yes,0.35,0.95,Aqua,1280.0,960.0
xiELO,PARIVISION,400.0,2.3,920.0,0.9,1000.0,6.0,1280x960,4:3,Stretched,240.0,103.0,Fullscreen,Enabled,8x MSAA,High,Trilinear,Classic Static,1.0,0.0,-4.0,No,Cyan,No,68.0,2.5,0.0,-1.5,1.0,Yes,Yes,0.7,1.0,Pink,1280.0,960.0
nota,PARIVISION,800.0,1.25,1000.0,1.0,4000.0,6.0,1280x960,4:3,Stretched,240.0,93.0,Fullscreen,Enabled,8x MSAA,High,Trilinear,Classic Static,1.0,1.0,-4.0,No,Custom,No,68.0,2.5,0.0,-1.5,2.0,Unknown,Unknown,,,Unknown,1280.0,960.0
Zellsis,Cloud9,800.0,0.215,172.0,0.8,1000.0,6.0,1920x1080,16:9,Unknown,400.0,,Fullscreen,Unknown,Unknown,Unknown,Unknown,Classic Static,1.5,0.0,-1.0,No,Cyan,No,68.0,2.5,0.0,-1.5,2.0,Yes,Yes,0.505,0.85,Team Color,1920.0,1080.0
Xeppaa,Cloud9,800.0,0.35,280.0,1.0,1000.0,6.0,1280x960,4:3,Stretched,400.0,130.0,Fullscreen,Unknown,Unknown,Unknown,Unknown,Unknown,2.0,1.0,-3.0,Unknown,White,Unknown,68.0,2.5,0.0,-1.5,2.0,Unknown,Unknown,,,Unknown,1280.0,960.0
rigoN,Eternal Fire,400.0,2.0,800.0,1.8,8000.0,6.0,1440x1080,4:3,Stretched,600.0,95.0,Fullscreen,Enabled,4x MSAA,High,Anisotropic 16x,Classic Static,1.5,1.0,-4.0,No,Green,No,68.0,2.5,0.0,-1.5,2.0,Yes,Yes,0.35,1.01,White,1440.0,1080.0
Calyx,Eternal Fire,800.0,2.5,2000.0,1.0,1000.0,6.0,1280x960,4:3,Stretched,540.0,100.0,Fullscreen,Disabled,8x MSAA,High,Bilinear,Classic Static,1.0,1.0,-4.0,No,Cyan,No,60.0,1.0,1.0,-1.0,1.0,Yes,Yes,0.4,0.85,Team Color,1280.0,960.0
imoRR,Eternal Fire,400.0,2.1,840.0,1.0,1000.0,6.0,1280x960,4:3,Stretched,360.0,77.0,Fullscreen,Enabled,8x MSAA,High,Trilinear,Classic Static,1.0,1.0,-4.0,No,Green,No,68.0,2.5,0.0,-1.5,2.0,Yes,Yes,0.7,1.0,Team Color,1280.0,960.0
DemQQ,Eternal Fire,800.0,1.0,800.0,1.0,1000.0,6.0,1280x960,4:3,Stretched,360.0,80.0,Fullscreen,Disabled,,High,Bilinear,Classic Static,1.0,1.0,-4.0,No,Green,No,68.0,2.5,0.0,-1.5,2.0,Yes,Yes,1.0,0.85,Team Color,1280.0,960.0
mASKED,Eternal Fire,400.0,1.61,644.0,1.0,1000.0,6.0,1920x1080,16:9,Native,360.0,93.0,Fullscreen,Disabled,4x MSAA,High,Trilinear,Classic Static,2.0,0.0,-3.0,No,Yellow,No,68.0,2.5,0.0,-1.5,2.0,Yes,Yes,0.4,0.9,Aqua,1920.0,1080.0
EMSTAR,Eternal Fire,800.0,1.25,1000.0,1.0,4000.0,6.0,1280x960,4:3,Stretched,400.0,90.0,Fullscreen,Enabled,8x MSAA,High,Trilinear,Classic Static,1.0,1.0,-4.0,No,Custom,No,68.0,2.5,0.0,-1.5,2.0,Yes,Yes,0.4,1.0,Team Color,1280.0,960.0
Woro2k,Eternal Fire,400.0,2.33,932.0,1.0,2000.0,6.0,1280x960,4:3,Stretched,240.0,130.0,Fullscreen,Enabled,,Low,Bilinear,Classic Static,1.0,1.0,-4.0,No,Green,No,68.0,2.5,0.0,-1.5,2.0,Yes,Yes,0.805027,0.85,Light Blue,1280.0,960.0
jottAAA,Eternal Fire,400.0,3.4,1360.0,1.0,1000.0,6.0,1280x960,4:3,Stretched,540.0,110.0,Fullscreen,Enabled,4x MSAA,High,Anisotropic 4x,Classic Static,1.5,0.5,-3.0,No,Cyan,No,68.0,2.5,0.0,-1.5,2.0,Unknown,Unknown,,,Unknown,1280.0,960.0
jresy,Eternal Fire,400.0,2.4,960.0,1.0,1000.0,6.0,1280x960,4:3,Stretched,,93.0,Fullscreen,Unknown,Unknown,Unknown,Unknown,Classic Static,1.0,0.1,-4.0,No,Green,No,68.0,2.5,0.0,-1.5,2.0,Yes,Yes,0.4,1.0,Team Color,1280.0,960.0
meyern,9z Team,400.0,2.25,900.0,1.0,1000.0,6.0,1280x960,4:3,Black Bars,360.0,83.0,Fullscreen,Enabled,4x MSAA,Low,Bilinear,Classic Static,2.0,0.0,-2.8,No,Green,No,68.0,2.5,0.0,-1.5,2.0,Yes,Yes,0.3,0.95,Yellow,1280.0,960.0
max,9z Team,800.0,1.0,800.0,1.0,2000.0,6.0,1920x1080,16:9,Native,360.0,90.0,Fullscreen,Enabled,CMAA2,Very High,Anisotropic 16x,Classic Static,2.5,0.5,-2.0,Yes,Custom,No,,,,,,Unknown,Unknown,,,Unknown,1920.0,1080.0
dgt,9z Team,400.0,2.0,800.0,1.0,2000.0,6.0,1280x960,4:3,Stretched,240.0,99.0,Fullscreen,Enabled,,High,Trilinear,Classic Static,1.0,1.5,-4.0,No,Yellow,No,63.0,2.5,0.0,-1.5,3.0,Yes,Yes,0.4,0.95,Team Color,1280.0,960.0
HUASOPEEK,9z Team,800.0,0.76,608.0,1.0,1000.0,6.0,1280x960,4:3,Stretched,144.0,120.0,Fullscreen,Enabled,4x MSAA,High,Bilinear,Classic Static,1.0,0.1,-3.9,No,Custom,Yes,68.0,2.5,0.0,-1.5,2.0,Unknown,Unknown,,,Unknown,1280.0,960.0
luchov,9z Team,800.0,1.0,800.0,1.0,1000.0,6.0,1280x960,4:3,Stretched,360.0,93.0,Fullscreen,Enabled,8x MSAA,Medium,Bilinear,Classic Static,2.0,0.0,-3.0,No,Cyan,No,68.0,2.5,0.0,-1.5,2.0,Yes,Yes,0.3,1.05,Bright White,1280.0,960.0
urban0,9z Team,500.0,1.55,775.0,1.0,1000.0,6.0,1280x960,4:3,Stretched,240.0,93.0,Fullscreen,Unknown,Unknown,Unknown,Unknown,Classic Static,1.0,1.0,-4.0,No,Custom,No,68.0,2.5,0.0,-1.5,2.0,No,Yes,0.42,0.85,Team Color,1280.0,960.0
Rainwaker,Monte,800.0,1.25,1000.0,1.0,1000.0,6.0,1280x960,4:3,Black Bars,240.0,100.0,Fullscreen,Enabled,8x MSAA,Low,Trilinear,Classic Static,2.0,1.0,-3.0,No,Green,No,68.0,2.5,0.0,-1.5,2.0,Yes,Yes,0.45,0.833,White,1280.0,960.0
afro,Monte,800.0,1.1,880.0,1.0,1000.0,6.0,1600x900,16:9,Native,240.0,100.0,Fullscreen,Enabled,4x MSAA,High,Anisotropic 4x,Classic Static,1.5,1.0,-3.0,No,Green,No,68.0,2.5,0.0,-1.5,0.0,Yes,Yes,0.4,0.8,Orange,1600.0,900.0
Bymas,Monte,800.0,1.25,1000.0,1.0,2000.0,6.0,1280x960,4:3,Stretched,600.0,100.0,Fullscreen,Enabled,4x MSAA,Low,Bilinear,Classic Static,2.0,0.0,-3.0,No,Green,No,68.0,2.5,0.0,-1.5,3.0,Yes,Yes,0.45,1.0,Green,1280.0,960.0
AZUWU,Monte,800.0,1.28,1024.0,1.0,1000.0,6.0,1280x960,4:3,Stretched,360.0,87.0,Fullscreen,Enabled,8x MSAA,High,Trilinear,Classic Static,1.0,1.1,-3.6,No,Custom,No,68.0,2.5,0.0,-1.5,2.0,Yes,Yes,0.35,0.95,Red,1280.0,960.0
Gizmy,Monte,800.0,1.15,920.0,0.900342,1000.0,6.0,1280x960,4:3,Stretched,360.0,93.0,Fullscreen,Enabled,4x MSAA,High,Bilinear,Classic Static,1.0,0.0,-3.0,No,Custom,No,68.0,2.0,2.0,-1.0,1.0,Yes,Yes,0.7,1.0,Team Color,1280.0,960.0
ScreaM,FUT Esports,400.0,2.35,940.0,1.0,4000.0,6.0,1024x768,4:3,Black Bars,600.0,101.0,Fullscreen,Enabled,4x MSAA,Very High,Anisotropic 4x,Classic Static,0.0,1.0,-3.2,Yes,Cyan,Yes,68.0,2.5,0.0,-1.5,2.0,Yes,Yes,0.7,1.0,Team Color,1024.0,768.0
Nivera,FUT Esports,800.0,0.6,480.0,1.0,1000.0,6.0,1024x768,4:3,Stretched,360.0,,Fullscreen,Unknown,Unknown,Unknown,Unknown,Classic Static,3.0,0.0,-2.0,No,Green,No,68.0,2.5,0.0,-1.5,2.0,No,Yes,0.4,0.898636,Orange,1024.0,768.0
lauNX,FUT Esports,800.0,1.5,1200.0,1.0,1000.0,8.0,1024x768,4:3,Stretched,240.0,80.0,Fullscreen,Disabled,4x MSAA,High,Bilinear,Classic Static,2.0,0.0,-2.5,No,Cyan,No,68.0,2.5,-1.0,-1.7,1.0,Yes,Yes,0.7,1.0,Team Color,1024.0,768.0
cmtry,FUT Esports,800.0,0.7,560.0,1.0,1000.0,6.0,1024x768,4:3,Stretched,240.0,114.0,Fullscreen,Disabled,2x MSAA,Medium,Bilinear,Classic Static,0.6,0.6,-4.3,No,Green,Yes,68.0,2.5,0.0,-1.5,2.0,Unknown,Unknown,,,Unknown,1024.0,768.0
dem0n,FUT Esports,800.0,0.7,560.0,1.0,4000.0,6.0,1280x960,4:3,Stretched,240.0,110.0,Fullscreen,Enabled,8x MSAA,Low,Trilinear,Legacy,0.9,0.0,-2.0,No,Custom,Yes,68.0,2.5,0.0,-1.5,2.0,Unknown,Unknown,,,Unknown,1280.0,960.0
Krabeni,FUT Esports,800.0,0.877,701.6,1.0,1000.0,6.0,1152x864,4:3,Stretched,240.0,101.0,Fullscreen,Enabled,,Medium,Bilinear,Classic Static,1.1,1.0,-4.0,No,Custom,No,68.0,2.0,2.0,-2.0,1.0,Yes,Yes,0.25,1.0,Team Color,1152.0,864.0
dziugss,FUT Esports,400.0,1.5,600.0,1.0,1000.0,6.0,1280x960,4:3,Stretched,240.0,93.0,Fullscreen,Unknown,Unknown,Unknown,Unknown,Classic Static,1.5,0.0,-4.0,No,Green,No,68.0,2.5,0.0,-1.5,2.0,Unknown,Unknown,,,Unknown,1280.0,960.0
dex,EYEBALLERS,800.0,0.9,720.0,1.0,1000.0,6.0,1280x960,4:3,Stretched,240.0,93.0,Fullscreen,Disabled,4x MSAA,Low,Trilinear,Classic Static,1.0,1.0,-4.0,No,Custom,No,68.0,2.5,0.0,-1.5,2.0,Yes,Yes,0.7,1.0,Pink,1280.0,960.0
JW,EYEBALLERS,400.0,2.0,800.0,1.0,1000.0,6.0,1280x960,4:3,Stretched,240.0,111.0,Fullscreen,Enabled,4x MSAA,High,Bilinear,Classic Static,1.0,0.0,-3.0,No,Green,No,68.0,2.5,0.0,-1.5,2.0,Unknown,Unknown,0.35,1.0,Team Color,1280.0,960.0
maxster,EYEBALLERS,800.0,0.68,544.0,0.8,1000.0,6.0,1280x960,4:3,Stretched,360.0,119.0,Fullscreen,Enabled,8x MSAA,Unknown,Anisotropic 4x,Classic Static,1.0,0.0,-2.0,No,Green,No,68.0,2.5,0.0,-1.5,2.0,No,Yes,0.4,0.95,Green,1280.0,960.0
Ro1f,EYEBALLERS,800.0,1.0,800.0,0.8189330270989552,1000.0,6.0,1280x1024,5:4,Stretched,240.0,93.0,Fullscreen,Unknown,Unknown,Unknown,Unknown,Classic Static,1.0,0.0,-2.0,No,Custom,No,68.0,2.5,2.0,-2.0,0.0,No,Yes,0.4,0.85,Aqua,1280.0,1024.0
bobeksde,EYEBALLERS,800.0,1.0,800.0,1.0,1000.0,6.0,1280x960,4:3,Stretched,400.0,93.0,Fullscreen,Enabled,4x MSAA,High,Bilinear,Classic Static,1.0,0.0,-2.0,No,Cyan,No,60.0,1.0,1.25,-1.075,0.0,Yes,Yes,0.7,1.0,Light Blue,1280.0,960.0
MartinezSa,Gentle Mates,400.0,2.0,800.0,1.0,2000.0,6.0,1280x960,4:3,Stretched,400.0,68.0,Fullscreen,Enabled,4x MSAA,High,Bilinear,Classic Static,1.0,0.0,-3.0,No,Custom,Yes,68.0,2.5,2.0,-0.4,0.0,Unknown,Unknown,,,Unknown,1280.0,960.0
sausol,Gentle Mates,800.0,1.2,880.0,1.0,1000.0,6.0,1280x960,4:3,Stretched,240.0,80.0,Fullscreen,Enabled,8x MSAA,High,Anisotropic 16x,Classic Static,1.0,1.0,-4.0,No,Custom,No,68.0,2.0,0.0,-1.5,2.0,Yes,Yes,0.4,0.77307,Team Color,1280.0,960.0
alex,Gentle Mates,400.0,1.5,600.0,1.0,1000.0,6.0,1024x768,4:3,Stretched,240.0,130.0,Fullscreen,Enabled,,Unknown,Bilinear,Classic Static,1.0,1.0,-4.0,No,Green,No,68.0,2.5,0.0,-1.5,2.0,Yes,Yes,0.5125,0.95,White,1024.0,768.0
mopoz,Gentle Mates,400.0,1.4,560.0,1.0,1000.0,6.0,1440x900,16:10,Stretched,240.0,110.0,Fullscreen,Enabled,,High,Anisotropic 16x,Classic Static,1.5,1.5,-6.0,No,Green,No,60.0,1.0,1.0,-1.0,1.0,Yes,Yes,0.4,0.85,Team Color,1440.0,900.0
dav1g,Gentle Mates,400.0,1.8,720.0,1.0,2000.0,6.0,1920x1080,16:9,Native,240.0,116.0,Fullscreen,Enabled,4x MSAA,High,Anisotropic 4x,Classic Static,2.0,0.0,-2.0,No,Green,No,68.0,2.5,2.0,-2.0,0.0,Yes,Yes,0.3,0.95,Light Blue,1920.0,1080.0
device,100 Thieves,800.0,1.2,960.0,1.0,1000.0,6.0,1280x960,4:3,Stretched,400.0,100.0,Fullscreen,Enabled,2x MSAA,High,Anisotropic 16x,Classic Static,0.0,0.0,-3.0,Yes,Custom,Yes,68.0,2.5,0.0,-1.5,2.0,Yes,Yes,0.5,1.0,Team Color,1280.0,960.0
rain,100 Thieves,800.0,0.9,720.0,1.0,1000.0,6.0,1280x960,4:3,Stretched,360.0,100.0,Fullscreen,Enabled,4x MSAA,High,Anisotropic 8x,Classic Static,1.0,1.0,-4.0,No,Cyan,No,60.0,1.5,-2.0,-2.0,0.0,Yes,Yes,0.7,0.95,Team Color,1280.0,960.0
sirah,100 Thieves,800.0,1.1,880.0,1.0,1000.0,6.0,1280x960,4:3,Stretched,240.0,80.0,Fullscreen,Unknown,Unknown,Unknown,Unknown,Classic Static,0.8,0.9,-3.5,No,Custom,No,65.0,2.5,0.0,-1.5,2.0,Yes,Yes,0.35,0.95,Light Blue,1280.0,960.0
poiii,100 Thieves,800.0,0.75,600.0,1.0,4000.0,6.0,1280x960,4:3,Stretched,,93.0,Fullscreen,Enabled,,High,Bilinear,Classic Static,1.0,1.0,-4.0,No,Cyan,No,68.0,2.5,0.0,-1.5,2.0,No,Yes,0.4,0.979963,Pink,1280.0,960.0
Ag1l,100 Thieves,400.0,1.42,568.0,1.0,1000.0,6.0,1280x960,4:3,Stretched,600.0,105.0,Fullscreen,Enabled,8x MSAA,High,Bilinear,Classic Static,2.0,0.0,-3.0,No,Custom,No,68.0,2.5,0.0,-1.5,3.0,Yes,Yes,0.5,1.0,Light Blue,1280.0,960.0
s1mple,BC.Game,400.0,3.09,1236.0,1.0,1000.0,6.0,1280x960,4:3,Stretched,600.0,110.0,Fullscreen,Disabled,8x MSAA,High,Bilinear,Classic Static,1.0,1.0,-4.0,No,Yellow,No,68.0,2.5,0.0,-1.5,2.0,Yes,Yes,0.45,1.0,Light Blue,1280.0,960.0
electronic,BC.Game,400.0,2.2,880.0,1.0,1000.0,6.0,1280x1024,5:4,Stretched,360.0,93.0,Fullscreen,Enabled,,High,Bilinear,Classic Static,1.0,1.0,-4.0,No,Cyan,No,68.0,2.5,0.0,-1.5,2.0,Yes,Yes,0.25,0.95,Yellow,1280.0,1024.0
krazy,BC.Game,400.0,2.0,800.0,1.0,1000.0,6.0,1280x960,4:3,Stretched,240.0,93.0,Fullscreen,Unknown,Unknown,Unknown,Unknown,Classic Static,0.9,0.9,-4.5,No,Custom,No,68.0,2.5,0.0,-1.5,2.0,Unknown,Unknown,,,Unknown,1280.0,960.0
aragornN,BC.Game,400.0,1.35,540.0,1.0,8000.0,6.0,1280x960,4:3,Stretched,240.0,95.0,Fullscreen,Disabled,8x MSAA,Low,Bilinear,Classic Static,1.0,0.0,-4.0,No,Green,Yes,68.0,2.5,0.0,-1.5,2.0,Yes,Yes,0.398,1.0,Light Blue,1280.0,960.0
jkaem,BC.Game,400.0,1.6,640.0,1.0,1000.0,5.0,1024x768,4:3,Stretched,360.0,,Fullscreen,Unknown,Unknown,Unknown,Unknown,Classic Static,2.0,1.0,-1.0,No,Green,No,60.0,1.0,1.0,-1.5,1.0,Yes,Yes,0.7,0.8,Bright White,1024.0,768.0
MUTiRiS,BC.Game,400.0,2.91,1164.0,1.0,4000.0,5.0,1280x960,4:3,Black Bars,240.0,100.0,Fullscreen,Disabled,,High,Bilinear,Classic Static,2.5,0.7,-2.0,No,Green,No,68.0,2.5,0.0,-1.5,2.0,Yes,Yes,0.6,0.95,Bright White,1280.0,960.0
aNdu,BC.Game,400.0,2.2,880.0,1.0,1000.0,6.0,1920x1080,16:9,Native,240.0,93.0,Fullscreen,Disabled,CMAA2,Low,Trilinear,Classic Static,2.0,0.0,-3.0,No,Green,No,68.0,2.5,0.0,-1.5,2.0,Yes,Yes,0.35,0.7,Green,1920.0,1080.0
